<b>Library Name / ID</b>,<b>Index 1 (i7) sequence</b>,<b>Index 2 (i5) sequence</b>
OkeAC20COOR_0001,CAAATT,AAACGG
OkeAC20COOR_0002,CAAATT,ACTCTT
OkeAC20COOR_0003,CAAATT,ATTCCG
OkeCC19MILC_0002,CAAATT,CGAGGC
OkeCC19MILC_0003,CAAATT,GAAATG
OkeCC19MILC_0005,CAAATT,GGACTT
OkeCC19MILC_0006,CAAATT,TAAGCT
OkeCC19MILC_0008,CAAATT,TCTTCT
OkeCC19MILC_0009,CAAATT,AACGTT
OkeCC19MILC_0011,CAAATT,ACTGGC
OkeCC19MILC_0012,CAAATT,CAAAAA
OkeCC19MILC_0014,CAAATT,CGCAGA
OkeCC19MILC_0015,CAAATT,GAACCA
OkeCC19MILC_0017,CAAATT,GGCAAG
OkeCC19MILC_0018,CAAATT,TAATTC
OkeCC19MILC_0020,CAAATT,TGAACC
OkeCC19MILC_0021,CAAATT,AACTGA
OkeCC19MILC_0023,CAAATT,AGCCAT
OkeCC19MILC_0024,CAAATT,CAATCG
OkeCC19MILC_0026,CAAATT,CGCGTG
OkeCC19MILC_0027,CAAATT,GACGAC
OkeCC19MILC_0028,CAAATT,GGGCGC
OkeCC19MILC_0029,CAAATT,TACACA
OkeCC19MILC_0030,CAAATT,TGACAA
OkeCC19MILC_0032,CAAATT,AAGACG
OkeCC19MILC_0033,CAAATT,AGCGCA
OkeCC19MILC_0035,CAAATT,CACCTC
OkeCC19MILC_0036,CAAATT,CGGTCC
OkeCC19MILC_0037,CAAATT,GACTCT
OkeCC19MILC_0038,CAAATT,GGGGCG
OkeCC19MILC_0039,CAAATT,TACGGG
OkeCC19MILC_0041,CAAATT,TGCCCG
OkeCC19MILC_0042,CAAATT,AAGCTA
OkeCC19MILC_0044,CAAATT,AGGGTC
OkeCC19MILC_0045,CAAATT,CAGGCA
OkeCC19MILC_0047,CAAATT,CGTCTA
OkeCC19MILC_0048,CAAATT,GAGAGA
OkeCC19MILC_0049,CAAATT,GGTACA
OkeCC19MILC_0050,CAAATT,TAGTAT
OkeCC19MILC_0052,CAAATT,TGCTTA
OkeCC19MILC_0053,CAAATT,AATATC
OkeCC19MILC_0054,CAAATT,AGGTGT
OkeCC19MILC_0055,CAAATT,CATACT
OkeCC19MILC_0057,CAAATT,CGTGAT
OkeCC19MILC_0058,CAAATT,AATCGT
OkeCC19MILC_0060,CAAATT,GGTTTG
OkeCC19MILC_0061,CAAATT,TATCAC
OkeCC19MILC_0062,CAAATT,TGGGGA
OkeCC19MILC_0063,CAAATT,AATGAG
OkeCC19MILC_0064,CAAATT,AGTAGG
OkeCC19MILC_0065,CAAATT,CCATTT
OkeCC19NEHR_0003,CAAATT,CTACAG
OkeCC19NEHR_0006,CAAATT,GCAGAT
OkeCC19NEHR_0007,CAAATT,GTAAGT
OkeCC19NEHR_0009,CAAATT,TCAAAG
OkeCC19NEHR_0011,CAAATT,TTATGA
OkeCC19NEHR_0012,CAAATT,ACAAGA
OkeCC19NEHR_0015,CAAATT,AGTTAA
OkeCC19NEHR_0018,CAAATT,CCCGGT
OkeCC19NEHR_0021,CAAATT,CTCGCC
OkeCC19NEHR_0024,CAAATT,GCATGG
OkeCC19NEHR_0026,CAAATT,GTATCC
OkeCC19NEHR_0027,CAAATT,TCCTGC
OkeCC19NEHR_0029,CAAATT,TTCCGT
OkeCC19NEHR_0030,CAAATT,ACAGCG
OkeCC19NEHR_0033,CAAATT,ATAGTA
OkeCC19NEHR_0035,CAAATT,CCCTAA
OkeCC19NEHR_0036,CAAATT,CTGCGA
OkeCC19NEHR_0038,CAAATT,GCCGTA
OkeCC19NEHR_0039,CAAATT,GTCATC
OkeCC19NEHR_0042,CAAATT,TCGATT
OkeCC19NEHR_0045,CAAATT,TTCTAG
OkeCC19NEHR_0048,CAAATT,ACATAC
OkeCC19NETR_0001,CAAATT,ATCAAA
OkeCC19NETR_0002,CAAATT,CCGAGG
OkeCC19NETR_0003,CAAATT,CTGGTT
OkeCC19NETR_0004,CAAATT,GCGACC
OkeCC19NETR_0005,CAAATT,GTGCCT
OkeCC19NETR_0006,CAAATT,TCGCCA
OkeCC19NETR_0007,CAAATT,TTGAGC
OkeCC19NETR_0008,CAAATT,ACCATG
OkeCC19NETR_0009,CAAATT,ATGCAC
OkeCC19NETR_0010,CAAATT,CCGCAT
OkeCC19NETR_0011,CAAATT,CTTATG
OkeCC19NETR_0012,CAAATT,GCGCTG
OkeCC19NETR_0013,CAAATT,GTGTAA
OkeCC19NETR_0014,CAAATT,TCGGAC
OkeCC19NETR_0015,CAAATT,TTTAAT
OkeCC19NETR_0016,CAAATT,ACCCCC
OkeCC19NETR_0017,CAAATT,ATGTTG
OkeCC19NETR_0018,CAAATT,CCTAAC
OkeCC19NETR_0019,CAAATT,CTTTGC
OkeCC19NETR_0020,CAAATT,GCTCAA
OkeCC19NETR_0021,CAAATT,GTTGGA
negative_1,CAAATT,TCTCGG
OkeCC19NEHR_0001,CAAATT,TTTGTC
OkeCC19NETR_0022,CAAACC,AAACGG
OkeCC19NETR_0023,CAAACC,ACTCTT
OkeCC19NETR_0024,CAAACC,ATTCCG
OkeCC19NETR_0025,CAAACC,CGAGGC
OkeCC19NETR_0026,CAAACC,GAAATG
OkeCC19SILR_0001,CAAACC,GGACTT
OkeCC19SILR_0002,CAAACC,TAAGCT
OkeCC19SILR_0003,CAAACC,TCTTCT
OkeCC19TILR_0002,CAAACC,AACGTT
OkeCC19TILR_0003,CAAACC,ACTGGC
OkeCC19TILR_0005,CAAACC,CAAAAA
OkeCC19TILR_0006,CAAACC,CGCAGA
OkeCC19TILR_0008,CAAACC,GAACCA
OkeCC19TILR_0009,CAAACC,GGCAAG
OkeCC19TILR_0011,CAAACC,TAATTC
OkeCC19TILR_0012,CAAACC,TGAACC
OkeCC19TILR_0013,CAAACC,AACTGA
OkeCC19TILR_0014,CAAACC,AGCCAT
OkeCC19TILR_0015,CAAACC,CAATCG
OkeCC19TILR_0016,CAAACC,CGCGTG
OkeCC19TILR_0017,CAAACC,GACGAC
OkeCC19TILR_0018,CAAACC,GGGCGC
OkeCC19TILR_0019,CAAACC,TACACA
OkeCC19TILR_0020,CAAACC,TGACAA
OkeCC19TILR_0021,CAAACC,AAGACG
OkeCC19TILR_0023,CAAACC,AGCGCA
OkeCC19TILR_0024,CAAACC,CACCTC
OkeCC19TILR_0025,CAAACC,CGGTCC
OkeCC19TILR_0026,CAAACC,GACTCT
OkeCC19TILR_0027,CAAACC,GGGGCG
OkeCC19TILR_0028,CAAACC,TACGGG
OkeCC19TILR_0029,CAAACC,TGCCCG
OkeCC19TILR_0030,CAAACC,AAGCTA
OkeCC19TILR_0031,CAAACC,AGGGTC
OkeCC19TILR_0032,CAAACC,CAGGCA
OkeCC19TILR_0033,CAAACC,CGTCTA
OkeCC19TILR_0034,CAAACC,GAGAGA
OkeCC19TILR_0035,CAAACC,GGTACA
OkeCC19TILR_0036,CAAACC,TAGTAT
OkeCC19TILR_0038,CAAACC,TGCTTA
OkeCC19TILR_0039,CAAACC,AATATC
OkeCC19TILR_0041,CAAACC,AGGTGT
OkeCC19TILR_0042,CAAACC,CATACT
OkeCC19TILR_0044,CAAACC,CGTGAT
OkeCC19TILR_0045,CAAACC,AATCGT
OkeCC19TILR_0046,CAAACC,GGTTTG
OkeCC19TILR_0047,CAAACC,TATCAC
OkeCC19TILR_0048,CAAACC,TGGGGA
OkeCC19TILR_0049,CAAACC,AATGAG
OkeCC19TILR_0050,CAAACC,AGTAGG
OkeCC19TILR_0101,CAAACC,CCATTT
OkeCC19TILR_0103,CAAACC,CTACAG
OkeCC19TILR_0104,CAAACC,GCAGAT
OkeCC19TILR_0105,CAAACC,GTAAGT
OkeCC19TILR_0106,CAAACC,TCAAAG
OkeCC19TILR_0107,CAAACC,TTATGA
OkeCC19TILR_0108,CAAACC,ACAAGA
OkeCC19TILR_0109,CAAACC,AGTTAA
OkeCC19TILR_0110,CAAACC,CCCGGT
OkeCC19TILR_0112,CAAACC,CTCGCC
OkeCC19TILR_0113,CAAACC,GCATGG
OkeCC19TILR_0115,CAAACC,GTATCC
OkeCC19TILR_0116,CAAACC,TCCTGC
OkeCC19TILR_0118,CAAACC,TTCCGT
OkeCC19TILR_0119,CAAACC,ACAGCG
OkeCC19TILR_0121,CAAACC,ATAGTA
OkeCC19TILR_0122,CAAACC,CCCTAA
OkeCC19TILR_0123,CAAACC,CTGCGA
OkeCC19TILR_0124,CAAACC,GCCGTA
OkeCC19TILR_0125,CAAACC,GTCATC
OkeCC19TILR_0126,CAAACC,TCGATT
OkeCC19TILR_0127,CAAACC,TTCTAG
OkeCC19TILR_0128,CAAACC,ACATAC
OkeCC19TILR_0129,CAAACC,ATCAAA
OkeCC19TILR_0130,CAAACC,CCGAGG
OkeCC19TILR_0131,CAAACC,CTGGTT
OkeCC19TILR_0132,CAAACC,GCGACC
OkeCC19TILR_0133,CAAACC,GTGCCT
OkeCC19TILR_0134,CAAACC,TCGCCA
OkeCC19TILR_0136,CAAACC,TTGAGC
OkeCC19TILR_0137,CAAACC,ACCATG
OkeCC19TILR_0139,CAAACC,ATGCAC
OkeCC19TILR_0140,CAAACC,CCGCAT
OkeCC19TILR_0142,CAAACC,CTTATG
OkeCC19TILR_0143,CAAACC,GCGCTG
OkeCC19TILR_0144,CAAACC,GTGTAA
OkeCC19TILR_0145,CAAACC,TCGGAC
OkeCC19TILR_0146,CAAACC,TTTAAT
OkeCC19TILR_0148,CAAACC,ACCCCC
OkeCC19TILR_0149,CAAACC,ATGTTG
OkeCC19TILR_0150,CAAACC,CCTAAC
OkeCC19YAQR_0072,CAAACC,CTTTGC
OkeCC19MILC_0001,CAAACC,GCTCAA
OkeCC19TILR_0102,CAAACC,GTTGGA
negative_2,CAAACC,TCTCGG
OkeCC19NEHR_0001,CAAACC,TTTGTC
OkeCC19TILR_0019,CTGATA,AAACGG
OkeCC13MILC_2593,CTGATA,ACTCTT
OkeCC13MILC_3544,CTGATA,ATTCCG
OkeCC13MILC_3650,CTGATA,CGAGGC
OkeCC13MILC_5458,CTGATA,GAAATG
OkeCC13MILC_6320,CTGATA,GGACTT
OkeCC13MILC_7040,CTGATA,TAAGCT
OkeCC13MILC_7044,CTGATA,TCTTCT
OkeCC13MILC_8573,CTGATA,AACGTT
OkeCC13MILC_9026,CTGATA,ACTGGC
OkeCC13MILC_9943,CTGATA,CAAAAA
OkeAC20COOR_0001,CTGATA,CGCAGA
OkeAC20COOR_0002,CTGATA,GAACCA
OkeAC20COOR_0003,CTGATA,GGCAAG
OkeCC19MILC_0002,CTGATA,TAATTC
OkeCC19MILC_0003,CTGATA,TGAACC
OkeCC19MILC_0021,CTGATA,AACTGA
OkeCC19MILC_0023,CTGATA,AGCCAT
OkeCC19MILC_0024,CTGATA,CAATCG
OkeCC19MILC_0026,CTGATA,CGCGTG
OkeCC19MILC_0027,CTGATA,GACGAC
OkeCC19MILC_0028,CTGATA,GGGCGC
OkeCC19MILC_0029,CTGATA,TACACA
OkeCC19MILC_0030,CTGATA,TGACAA
OkeCC19MILC_0042,CTGATA,AAGACG
OkeCC19MILC_0044,CTGATA,AGCGCA
OkeCC19MILC_0045,CTGATA,CACCTC
OkeCC19MILC_0047,CTGATA,CGGTCC
OkeCC19MILC_0048,CTGATA,GACTCT
OkeCC19MILC_0049,CTGATA,GGGGCG
OkeCC19MILC_0050,CTGATA,TACGGG
OkeCC19MILC_0052,CTGATA,TGCCCG
OkeCC19NEHR_0012,CTGATA,AAGCTA
OkeCC19NEHR_0015,CTGATA,AGGGTC
OkeCC19NEHR_0018,CTGATA,CAGGCA
OkeCC19NEHR_0021,CTGATA,CGTCTA
OkeCC19NEHR_0024,CTGATA,GAGAGA
OkeCC19NEHR_0026,CTGATA,GGTACA
OkeCC19NEHR_0027,CTGATA,TAGTAT
OkeCC19NEHR_0029,CTGATA,TGCTTA
OkeCC19NEHR_0048,CTGATA,AATATC
OkeCC19NETR_0001,CTGATA,AGGTGT
OkeCC19NETR_0002,CTGATA,CATACT
OkeCC19NETR_0003,CTGATA,CGTGAT
OkeCC19NETR_0004,CTGATA,AATCGT
OkeCC19NETR_0005,CTGATA,GGTTTG
OkeCC19NETR_0006,CTGATA,TATCAC
OkeCC19NETR_0007,CTGATA,TGGGGA
OkeCC19NETR_0022,CTGATA,AATGAG
OkeCC19NETR_0023,CTGATA,AGTAGG
OkeCC19NETR_0024,CTGATA,CCATTT
OkeCC19NETR_0025,CTGATA,CTACAG
OkeCC19NETR_0026,CTGATA,GCAGAT
OkeCC19SILR_0001,CTGATA,GTAAGT
OkeCC19SILR_0002,CTGATA,TCAAAG
OkeCC19SILR_0003,CTGATA,TTATGA
OkeCC19TILR_0013,CTGATA,ACAAGA
OkeCC19TILR_0014,CTGATA,AGTTAA
OkeCC19TILR_0015,CTGATA,CCCGGT
OkeCC19TILR_0016,CTGATA,CTCGCC
OkeCC19TILR_0017,CTGATA,GCATGG
OkeCC19TILR_0018,CTGATA,GTATCC
OkeCC19TILR_0019,CTGATA,TCCTGC
OkeCC19TILR_0020,CTGATA,TTCCGT
OkeCC19TILR_0030,CTGATA,ACAGCG
OkeCC19TILR_0031,CTGATA,ATAGTA
OkeCC19TILR_0032,CTGATA,CCCTAA
OkeCC19TILR_0033,CTGATA,CTGCGA
OkeCC19TILR_0034,CTGATA,GCCGTA
OkeCC19TILR_0035,CTGATA,GTCATC
OkeCC19TILR_0036,CTGATA,TCGATT
OkeCC19TILR_0038,CTGATA,TTCTAG
OkeCC19TILR_0049,CTGATA,ACATAC
OkeCC19TILR_0050,CTGATA,ATCAAA
OkeCC19TILR_0101,CTGATA,CCGAGG
OkeCC19TILR_0103,CTGATA,CTGGTT
OkeCC19TILR_0104,CTGATA,GCGACC
OkeCC19TILR_0105,CTGATA,GTGCCT
OkeCC19TILR_0106,CTGATA,TCGCCA
OkeCC19TILR_0107,CTGATA,TTGAGC
OkeCC19TILR_0119,CTGATA,ACCATG
OkeCC19TILR_0121,CTGATA,ATGCAC
OkeCC19TILR_0122,CTGATA,CCGCAT
OkeCC19TILR_0123,CTGATA,CTTATG
OkeCC19TILR_0124,CTGATA,GCGCTG
OkeCC19TILR_0125,CTGATA,GTGTAA
OkeCC19TILR_0126,CTGATA,TCGGAC
OkeCC19TILR_0127,CTGATA,TTTAAT
OkeCC19TILR_0148,CTGATA,ACCCCC
OkeCC19TILR_0149,CTGATA,ATGTTG
OkeCC19TILR_0150,CTGATA,CCTAAC
OkeCC19YAQR_0072,CTGATA,CTTTGC
OkeCC19MILC_0061,CTGATA,GCTCAA
OkeCC19NEHR_0009,CTGATA,GTTGGA
negative_3,CTGATA,TCTCGG
OkeCC19NEHR_0001,CTGATA,TTTGTC
